address,name,type,comment
0x4fc490,MissionOrder_Stop,MissionOrderTableEntry[23],
0x4fc4a9,MissionOrder_Attack_NoMove,,
0x4fc4c2,MissionOrder_Activate,,
0x4fc4db,MissionOrder_Deactivate,,
0x4fc4f0,ptr_Deactivate,,
0x4fc4f4,MissionOrder_Cloak_On,,
0x4fc50d,MissionOrder_Cloak_Off,,
0x4fc526,MissionOrder_Standing_MoveOrder,,
0x4fc53f,MissionOrder_Standing_FireOrder,,
0x4fc554,ptr_Standing_FireOrder,,
0x4fc558,MissionOrder_BuildingBuild,,
0x4fc571,MissionOrder_BuildWeapon,,
0x4fc58a,MissionOrder_SelfDestruct,,
0x4fc5a3,MissionOrder_SelfDestructFG,,
0x4fc5b8,ptr_SelfDestructFG,,
0x4fc5bc,MissionOrder_Paralyze,,
0x4fc5d5,MissionOrder_GetBuilt,,
0x4fc5ee,MissionOrder_BeCarried,,
0x4fc607,MissionOrder_MakeSelectable,,
0x4fc620,MissionOrder_Wait,,
0x4fc639,MissionOrder_WaitForAttack,,
0x4fc652,MissionOrder_AttackUType,,
0x4fc66b,MissionOrder_Guard_NoMove,,
0x4fc680,ptr_Guard_NoMove,,
0x4fc684,MissionOrder_SelfRepair,,
0x4fc69d,MissionOrder_QMove,,
0x4fc6b6,MissionOrder_QPatrol,,
0x4fc6e8,MissionOrder_Standby,MissionOrderTableEntry[22],
0x4fc701,MissionOrder_Standby_Mine,,
0x4fc71a,MissionOrder_Move_Ground,,
0x4fc733,MissionOrder_Follow_Ground,,
0x4fc748,ptr_Follow_Ground,,
0x4fc74c,MissionOrder_Suppress,,
0x4fc765,MissionOrder_Attack_Chase,,
0x4fc77e,MissionOrder_Attack_Kamikaze,,
0x4fc797,MissionOrder_AttackSpecial,,
0x4fc7ac,ptr_AttackSpecial,,
0x4fc7b0,MissionOrder_Park,,
0x4fc7c9,MissionOrder_Patrol,,
0x4fc7e2,MissionOrder_Ground_Pickup,,
0x4fc7fb,MissionOrder_Ground_Unload,,
0x4fc814,MissionOrder_Teleport,,
0x4fc82d,MissionOrder_MobileBuild,,
0x4fc846,MissionOrder_HelpBuild,,
0x4fc85f,MissionOrder_RepairPatrol,,
0x4fc874,ptr_RepairPatrol,,
0x4fc878,MissionOrder_RepairUnit,,
0x4fc891,MissionOrder_Capture,,
0x4fc8aa,MissionOrder_Resurrect,,
0x4fc8c3,MissionOrder_Reclaim,,
0x4fc8dc,MissionOrder_ReclaimUnit,,
0x4fc8f5,MissionOrder_RepairUnitNoMove,,
0x4fc960,SpatialQueryCb_RepairPatrol_vftable,pointer32[1],
0x4fc980,AiBehaviorSlot_vftable,void *[2],
0x4fc988,AiAssaultBehaviorSlot_vftable,void *[2],
0x4fc990,AiEscortBehaviorSlot_vftable,void *[2],
0x4fc998,AiSquadScoutBehaviorSlot_vftable,void *[2],
0x4fc9a0,AiSpatialBehaviorSlot_vftable,void *[2],
0x4fc9a8,AiScoutBehaviorSlot_vftable,void *[2],
0x4fc9b0,AiBuildBehaviorSlot_vftable,void *[2],
0x4fca18,MissionOrder_VTOL_Standby,MissionOrderTableEntry[22],
0x4fca31,MissionOrder_VTOL_Move,,
0x4fca4a,MissionOrder_VTOL_Landing,,
0x4fca63,MissionOrder_VTOL_Pickup,,
0x4fca7c,MissionOrder_VTOL_Unload,,
0x4fca95,MissionOrder_VTOL_Follow,,
0x4fcaae,MissionOrder_VTOL_Patrol,,
0x4fcac7,MissionOrder_AirStrike,,
0x4fcadc,ptr_AirStrike,,
0x4fcae0,MissionOrder_AirToAir,,
0x4fcaf9,MissionOrder_AirToGround,,
0x4fcb12,MissionOrder_AirToGroundHover,,
0x4fcb2b,MissionOrder_VTOL_MobileBuild,,
0x4fcb40,ptr_VTOL_MobileBuild,,
0x4fcb44,MissionOrder_VTOL_HelpBuild,,
0x4fcb5d,MissionOrder_VTOL_RepairPatrol,,
0x4fcb76,MissionOrder_VTOL_RepairUnit,,
0x4fcb8f,MissionOrder_VTOL_Reclaim,,
0x4fcba4,ptr_VTOL_Reclaim,,
0x4fcba8,MissionOrder_VTOL_ReclaimUnit,,
0x4fcbc1,MissionOrder_VTOL_Evade,,
0x4fcbda,MissionOrder_VTOL_SeekAttack,,
0x4fcbf3,MissionOrder_VTOL_SeekGuard,,
0x4fcc08,ptr_VTOL_SeekGuard,,
0x4fcc0c,MissionOrder_VTOL_GetRepaired,,
0x4fcc25,MissionOrder_VTOL_LandIfCan,,
0x4fcc60,SpatialQueryCb_VTOL_SeekGuard_vftable,pointer32[2],
0x4fcc64,MissionTick_VTOL_RepairPatrol_vftable,,
0x4fcd98,g_abDPSPGUID_IPX,byte[16],
0x4fcda8,g_abDPSPGUID_TCPIP,byte[16],
0x4fcdb8,g_abDPSPGUID_SERIAL,byte[16],
0x4fcdc8,g_abDPSPGUID_MODEM,byte[16],
0x4fd218,g_dblUnitTableReserveFactor13,undefined,
0x4fd220,g_flUnitTableScaleOne,undefined,
0x4fd228,g_dblUnitTableScaleDiv16,undefined,
0x4fd230,g_dblUnitTableScaleCap5,undefined,
0x4fd238,g_flUnitTableScaleCap5,undefined,
0x4fd250,g_dblGameTicksPerSecond,double,
0x4fd280,g_flSimTicksPerSecond,float,
0x4fd288,MissionOrder_Ready,MissionOrderTableEntry,
0x4fd2a1,MissionOrder_Ready_End,undefined,
0x4fd2c8,MissionOrder_OrStatusFlags_vftable,pointer32[1],
0x4fd2f8,g_pVtbl_OrderFx_Base,undefined,
0x4fd328,g_pVtbl_OrderFx_ApproachRadius,undefined,
0x4fd358,g_pVtbl_OrderFx_RingApproach,undefined,
0x4fd388,g_pVtbl_OrderFx_PointMarker,undefined,
0x4fd3b8,g_pVtbl_PathOrder,pointer32[12],
0x4fd3f8,g_pVtbl_AirManeuverOrder,pointer32[23],
0x4fd428,g_pVtbl_PathGoal_Base,,
0x4fd458,g_pVtbl_PathGoal_AiSearch,pointer32[11],
0x4fd488,g_pVtbl_PathGoal_Patrol,pointer32[11],
0x4fd514,Net_SendFrameState_vftable,pointer32[2],
0x4fd518,Hapinet_FrameReceiver_vftable,,
0x4fd554,g_pSensorApplySonarJam,void *,
0x4fd558,g_pSensorApplyRadarJam,void *,
0x4fd55c,g_pSensorMarkRadarOrSonar,void *,
0x4fd580,g_pObjPool_vftable_FxEvent,pointer32[1],
0x4fd588,g_pFxTimedDots_vftable,pointer32[7],
0x4fd5a8,g_pFxListener_vftable,pointer32[11],
0x4fd5b8,g_pFxNanoBeam_vftable,,
0x4fd5d8,g_pFxExtraTick_vftable,pointer32[7],
0x4fd5f8,g_pFxQueued_vftable,pointer32[7],
0x4fd618,g_pFxTyped_vftable,pointer32[7],
0x4fd638,g_pFxTimedSub_vftable,pointer32[7],
0x4fd660,SpatialQueryCb_ClaimFootprint_vftable,pointer32[1],
0x4fd668,g_flBuildPercentZero,float,
0x4fd668,flt_zero_build_percent,float,
0x4fd66c,g_flBuildPercentNeg99,float,
0x4fd66c,flt_neg99_build_percent,float,
0x4fd670,g_abAiSearch_DirDeltaX,char[8],
0x4fd678,g_abAiSearch_DirDeltaZ,char[8],
0x4fd680,g_dGravityScale65536,double,
0x4fd688,g_dGravityScale1over900,double,
0x4fd698,g_pUnitScriptContext_vtable,pointer32[21],
0x4fd6f0,g_pfnWeaponAimCobCallbackVtbl,pointer32[2],
0x4fd754,g_pVtbl_PathOrderAttach,pointer32[1],
0x4fd768,Vtbl_DefeatCond_AnyUnitPassesZ_Match,pointer32[1],
0x4fd770,Vtbl_DefeatCond_AnyUnitPassesZ,pointer32[7],
0x4fd788,Vtbl_DefeatCond_AnyUnitPassesX_Match,,
0x4fd790,Vtbl_DefeatCond_AnyUnitPassesX,pointer32[19],
0x4fd7a8,Vtbl_DefeatCond_DeathTimerRunsOut,,
0x4fd7c0,Vtbl_DefeatCond_UnitTypeKilled,,
0x4fd7d8,Vtbl_DefeatCond_AllUnitsKilledOfType_Match,,
0x4fd7e0,Vtbl_DefeatCond_AllUnitsKilledOfType,pointer32[7],
0x4fd7f8,Vtbl_DefeatCond_AllUnitsKilled_Match,,
0x4fd800,Vtbl_DefeatCond_AllUnitsKilled,pointer32[19],
0x4fd818,Vtbl_DefeatCond_CommanderKilled,,
0x4fd830,Vtbl_VictoryCond_VictoryTimerRunsOut,,
0x4fd848,Vtbl_VictoryCond_UnitTypePassesZ_Match,,
0x4fd850,Vtbl_VictoryCond_UnitTypePassesZ,pointer32[7],
0x4fd868,Vtbl_VictoryCond_UnitTypePassesX_Match,,
0x4fd870,Vtbl_VictoryCond_UnitTypePassesX,pointer32[7],
0x4fd888,Vtbl_VictoryCond_MoveUnitToRadius_Match,,
0x4fd890,Vtbl_VictoryCond_MoveUnitToRadius,pointer32[7],
0x4fd8a8,Vtbl_VictoryCond_UnusedPurecall,,
0x4fd8b0,Vtbl_VictoryCond_KillUnitType,pointer32[7],
0x4fd8c8,Vtbl_VictoryCond_KillAllOfType_Match,,
0x4fd8d0,Vtbl_VictoryCond_KillAllOfType,pointer32[13],
0x4fd8e8,Vtbl_VictoryCond_CaptureUnitType,,
0x4fd900,Vtbl_VictoryCond_BuildUnitType_Match,,
0x4fd908,Vtbl_VictoryCond_BuildUnitType,pointer32[7],
0x4fd920,Vtbl_VictoryCond_KillAllMobileUnits_Match,,
0x4fd928,Vtbl_VictoryCond_KillAllMobileUnits,pointer32[7],
0x4fd940,Vtbl_VictoryCond_UnusedPurecall,,
0x4fd948,Vtbl_VictoryCond_DestroyAllUnits,pointer32[12],
0x4fd960,Vtbl_VictoryCond_KillEnemyCommander,,
0x4fd980,g_pVtbl_PathGoal_Packed,pointer32[11],
0x4fd9b0,g_pVtbl_PathGoal_Lite,pointer32[11],
0x4fd9e0,g_pVtbl_PathGoal_PackedPos,pointer32[11],
0x4fdb00,g_pUnitScriptContext_EmptyVtable,pointer32[21],
0x4fdbf0,g_szHapiCopyrightTrailer,undefined1,
0x4fdc7c,std_exception_vftable,pointer32[3],
0x4fdca4,std_logic_error_vftable,pointer32[3],
0x4fdcb4,std_out_of_range_vftable,pointer32[3],
0x4fdd14,std_string_vftable,pointer32[2],
0x4fdd34,type_info_vftable,pointer32[1],
0x5016c4,g_szGadget_RECLAIM,string,
0x501774,g_dwDiffGate_Active,uint,
0x501d38,g_CmdTable_Plus_Reg,pointer,
0x501d38,g_CmdTable_Plus,pointer,
0x501ef0,g_szCmdShowRanges,char *,
0x501ef4,g_pfnCmdToggleShowRanges,void *,
0x501f48,g_CmdTable_Cheat_Reg,pointer,
0x501f48,g_CmdTable_Cheat,pointer,
0x501fd0,g_CmdTable_Debug,pointer,
0x50218c,g_szRestrictSave,char[5],
0x5022a8,g_szProfileBarSfx,char[4],
0x502384,g_szPlusCmd_ScreenChat,char[11],
0x502390,g_szLogo,char[5],
0x502538,g_szFopenMode_wpb,char[4],
0x502558,g_szOFF,char[4],
0x50255c,g_szON,char[4],
0x502660,g_szFmt_BuildQueueCount,char[4],
0x502664,g_szFmt_StockpileQueueSuffix,char[5],
0x50266c,g_szFmtDecimal,char[3],
0x5026c4,g_szGadget_LOAD,char[5],
0x5026cc,g_szGadget_UNLOAD,string,
0x5026d4,g_szGadget_CAPTURE,string,
0x5026dc,g_szGadget_PATROL,string,
0x5026f4,g_szGadget_REPAIR,string,
0x5026fc,g_szGadget_DEFEND,string,
0x502704,g_szGadget_BLAST,string,
0x50270c,g_szGadget_ATTACK,string,
0x502714,g_szGadget_STOP,undefined,
0x50272c,g_szGadget_MOVE,undefined,
0x502734,g_szGadget_FIREORD,string,
0x50273c,g_szGadget_MOVEORD,string,
0x502744,g_szGadget_CLOAK,string,
0x50274c,g_szGadget_ORDERS,string,
0x502754,g_szGadget_BUILD,string,
0x50278c,g_szGadget_STATUS,string,
0x502808,g_szGadget_NEXT,char[5],
0x502810,g_szGadget_PREV,char[5],
0x502898,g_dwCmdline_UnusedFlag_L,uint,
0x50289c,g_dwCdCheck_Enabled,uint,
0x5028a0,g_szHapiCdPathFmt,string,
0x5028a8,g_szHapiCdHpiGlob,string,
0x5028b4,g_szHapiGlobHpi,string,
0x5028bc,g_szHapiGlobUfo,string,
0x5028c4,g_szHapiGlobCcx,string,
0x5028cc,g_szHapiGp3Fmt,string,
0x5028d8,g_szHapiGp3Rev,undefined,
0x502910,g_abDotExtSep,byte[2],
0x502914,g_szHapiPathFmt_DriveDirFile,char[11],
0x502974,g_szPCX,char[4],
0x5029f8,g_szGadget_TEXT,undefined,
0x502a24,g_szGui_ScrollItems2,char[13],
0x502ae8,g_szGadget_OK,char[3],
0x503034,g_szGadget_EXIT,char[5],
0x50310c,g_szExt_tdf,char[4],
0x503110,g_szGuiLayout_MULTI,char[6],
0x503118,g_szGuiLayout_SINGLE,char[7],
0x503120,g_szGuiGadget_CHOICE2,char[8],
0x503128,g_szGuiGadget_CHOICE1,char[8],
0x503130,g_szGuiGadget_SmallButton,char[12],
0x50313c,g_szGuiGadget_TITLE,char[6],
0x503144,g_szCloseWindowsCdPlayer,char[25],
0x503160,g_szNo,char[3],
0x503164,g_szMsgBox_No,char[3],
0x503168,g_szMsgBox_Yes,char[4],
0x50316c,g_szGuiFile_YESORNO,undefined,
0x503174,g_szNoSoundDriverAvailable,char[36],
0x50319c,g_szNewline,char[2],
0x5031a0,g_szFxName_SPARKS,char[7],
0x5031fc,g_szZrbExt,char[4],
0x50327c,g_szZrbMovie4,char[6],
0x503284,g_szZrbMovie3,char[6],
0x50328c,g_szZrbMovie5,char[6],
0x503294,g_szZrbMovie2,char[6],
0x50329c,g_szZrbMovie1,char[6],
0x503358,g_szVersion,char[8],
0x503374,g_szPathSepBackslash,char[2],
0x503394,g_szFntExt,char[4],
0x5038c4,g_szNone,char[5],
0x50390c,g_szCopyrightYearDigits,char[5],
0x504310,g_szWeaponTdfKey_ID,string,
0x504328,g_szFmtConcatTwoStrings,undefined,
0x504330,g_szGuiGadgetType_text,char[8],
0x504338,g_szFmtCatAndIndex,undefined,
0x50467c,g_szPrefsScreenChat,char[11],
0x504a0c,g_szMaps,char[5],
0x504a14,g_szOTA,char[4],
0x504b10,g_szAiDir,char[3],
0x504b14,g_szTxt,char[4],
0x504cd4,g_szWAV,char[4],
0x504cf4,g_szTXT,char[4],
0x504d88,g_szTNT,char[4],
0x504e3c,g_szType,char[5],
0x504e98,g_szHard,char[5],
0x504ea8,g_szEasy,char[5],
0x504f7c,g_szZPos,char[5],
0x504f84,g_szYPos,char[5],
0x504f8c,g_szXPos,char[5],
0x505205,g_abSlopeSpeedFactor,char[11],
0x505490,g_dwSerialBaudRateTable,dword[8],
0x5056f4,g_szFmtString,char[3],
0x5056f8,g_szLobbySlot_Open,char[5],
0x505700,g_szLobbySlot_Play,char[5],
0x505708,g_szLobbySlot_Lock,char[5],
0x505710,g_szFmt_PctD_Slash_PctD,char[6],
0x505718,g_szLobby_UpdatingDots,char[12],
0x505724,g_szLobby_ConnectingEscAbort,char[27],
0x505794,g_szGadget_JOIN,char[5],
0x505cf4,g_szMapGadget,char[4],
0x505dc4,g_szAlly,char[5],
0x505dd8,g_szPingNotAvailable,char[4],
0x505dec,g_szIniSectionFmt,char[5],
0x505df4,g_szBlocked,char[8],
0x505dfc,g_szFmt_CD_PctD,char[5],
0x505e04,g_szDoesNotHaveThisMap,char[22],
0x505e1c,g_szGuiFile_viewmap,char[12],
0x505e74,g_szZero,undefined,
0x505f10,g_szFopenModeRb,undefined4,
0x505f40,g_szLstExt,undefined,
0x506000,g_szRestrictLoad,char[5],
0x5061d8,g_dwLoungeChatterTargetNetId,uint,
0x506578,g_szTalkGadget,char[5],
0x5065f8,g_flLightR,float,
0x5065fc,g_flLightG,float,
0x506600,g_flLightB,float,
0x506788,g_nOptionsShellClosing,int,
0x5068c8,g_szGadget_GAME,undefined,
0x506998,g_szGadget_UNDO,char[5],
0x5069c0,g_szGadget_TEST,char[5],
0x5069d0,g_szGadget_MODE,char[5],
0x506a3c,g_szGadget_ANTI,char[5],
0x506a4c,g_szGadget_VID,char[4],
0x506c44,g_szLine_d,char[7],
0x506c4c,g_szHelpSection,char[5],
0x506c54,g_szHelp,char[5],
0x506c5c,g_szGadget_Page,char[5],
0x506c64,g_szDhelp,char[6],
0x506c6c,g_szHELP_GUI,char[9],
0x506d7c,g_szGadget_HELP,char[5],
0x506dbc,g_nNetFrameTimingEnabled,int,
0x5072c8,g_szChatFormatNameArrowSuffixMsg,char[12],
0x5072d4,g_szChatNameArrow,char[3],
0x5072d8,g_szCore,char[5],
0x5072e0,g_szArm,char[4],
0x5077a8,g_szProfileBarMisc,char[5],
0x507834,g_szFmtFloat1,undefined,
0x50783c,g_szFmtDecimalK,undefined,
0x507b6c,g_nCampaignSimplifiedLayout,int,
0x508090,g_szLunarCorePlanetSuffix,char[2],
0x5086d8,g_abSpeechTypeTable,SpeechTypeEntry[24],
0x5086dc,g_abSpeechTypeTable,,
0x508ae0,g_szHonk,char[8],
0x508ae8,g_szSing,char[8],
0x508c6c,g_szWAIT,char[5],
0x508d18,g_szNA,char[4],
0x508d1c,g_szFmtFloat0Unit,char[8],
0x508d24,g_szUnitDegPerSec,char[6],
0x508d2c,g_szFmtFloat2Unit,char[8],
0x508d34,g_szUnitMetersPerSecSq,char[6],
0x508d3c,g_szFmtFloat1Unit,char[9],
0x508d48,g_szUnitMetersPerSec,char[4],
0x5091cc,g_nNonCampaignGame,int,
0x5091d0,g_nLastCdActivityMode,undefined4,
0x5092a8,g_szGadget_DIFF,undefined,
0x5092b0,g_szGadget_SIDE,undefined,
0x5092b8,g_szGadget_TIME,undefined,
0x50935c,g_szSavExt,undefined,
0x5093b0,g_szGadget_METAL_HASH,string,
0x5093b8,g_szGadget_ENERGY_HASH,string,
0x5093f4,g_szChatTargetModeSeps,undefined,
0x509424,g_szUNITINFO_DONE,char[5],
0x50942c,g_szUNITINFO_HOTR,char[5],
0x509478,g_szUNITINFO_Cost,char[5],
0x509480,g_szUNITINFOx_GUI,CHAR[14],
0x5094e4,g_szBmpExtension,undefined,
0x5094f8,g_szMovieFramePrefix,char[5],
0x50966c,g_szScreenshotPrefix,char[5],
0x509678,ptr_FirePrimary,undefined *,
0x50967c,ptr_FireSecondary,undefined *,
0x509680,ptr_FireTertiary,undefined *,
0x509688,ptr_AimPrimary,undefined *,
0x50968c,ptr_AimSecondary,undefined *,
0x509690,ptr_AimTertiary,undefined *,
0x509720,g_nCdNeedsReopenAfterFocus,int,
0x5097a4,g_szFallbackDriveRoot,char[4],
0x509894,g_szIniSection_Preferences,char[12],
0x5098a0,g_szTotalaIniRelPathFmt,CHAR[14],
0x5098c4,g_szHELPTEXT,char[9],
0x50998c,g_szMsgBoxGadget_CHC2,char[5],
0x509994,g_szMsgBoxGadget_CHC1,char[5],
0x509ce0,g_szHapiBankAuditExt,char[5],
0x509ef0,g_dRadToAngle16,double,
0x509ef8,g_dAngle16ToRad,double,
0x509f00,g_awSinCosTable,short[512],
0x50a474,g_szFopenModeApb,char[4],
0x50a52c,g_szStarDotStar,char[4],
0x50a548,g_szDotDot,char[3],
0x50a54c,g_szHapiWildcardAllInDir,char[5],
0x50a564,g_szHapiMagic,undefined,
0x50a618,exception::RTTI_Type_Descriptor,TypeDescriptor,
0x50a630,std::logic_error::RTTI_Type_Descriptor,TypeDescriptor,
0x50a650,std::out_of_range::RTTI_Type_Descriptor,TypeDescriptor,
0x50a778,g_dwRefStrEmptyRefCount,uint,
0x50a77c,g_szRefStrEmpty,char[1],
0x50a780,g_nHapinetGuaranteePackets,undefined4,
0x50b540,g_nCdAudioResumeTimerSlot,undefined4,
0x50b544,g_nCdAudioFadeTimerSlot,undefined4,
0x50b550,g_szMciTrackTypeAudio,char[6],
0x50b9e0,g_SquashErrorStrings,undefined *,
0x50ba94,g_abSquashMagicSQSH,char[4],
0x50c8c8,g_szCRLF_CRLF,char[5],
0x50de90,std::length_error::RTTI_Type_Descriptor,TypeDescriptor,
0x50df18,type_info::RTTI_Type_Descriptor,TypeDescriptor,
0x5119b0,g_szSqrt,char[5],
0x5119b8,g_szEmpty,char[1],
0x5119c0,g_apUnitTblBySide,UnitTbl *[10],
0x5119e8,g_anAiSearch_PlayerBudgetCap,int[10],
0x511a10,g_anAiSearch_PlayerTickLoad,int[10],
0x511a38,g_nAiSearch_BudgetRefreshCounter,int,
0x511a40,g_nNetBwLastRecvBytes,undefined4,
0x511a48,g_nNetBwSendBytesPerSec,undefined4,
0x511a50,g_nNetBwRecvBytesPerSec,undefined4,
0x511a58,g_anNetStats_PktTypeCounts,int[90],
0x511bc0,g_dwNetStats_TotalBytesByDir,uint[2],
0x511bc8,g_nNetStats_SendBytes,int,
0x511bd0,g_szPlusCmdLineBuf,undefined,
0x511c2c,g_nNetBwLastSendBytes,undefined4,
0x511c34,g_nNetStats_SendPacketCount,int,
0x511c48,g_nNetStats_RecvPacketCount,int,
0x511c50,g_nNetStats_RecvBytes,int,
0x511c58,g_anNetStats_PktTypeBytes,int[90],
0x511dc8,g_nNetStats_TransferBytesAccum,int,
0x511dd0,g_nCmdContourParam0,undefined4,
0x511dd4,g_nCmdContourParam1,undefined4,
0x511ddc,g_dwNetBwLastSampleTick,undefined4,
0x511de0,g_dwCdCheck_BypassDriveScan,uint,
0x511de4,g_dwCdCheck_IdPathMismatch,uint,
0x511de8,g_GameState,GameState *,
0x511dec,g_nEndGameGlamourHoldArmed,int,
0x511df0,g_apDebrisMotionSlots,DebrisMotionSlot *[100],
0x511f80,g_abDebrisMemCache,MemCache,
0x511f90,g_anExplosionAnimParams,int[9],
0x511fb4,g_pFeatureTdfParsers,FeatureTdfParserVector *,
0x511fb8,g_szFrontendStatusMsg,char[256],
0x5120b8,g_BitmapCache,BitmapCacheEntry[10],
0x5122a0,g_pWeaponTdfParsers,void *,
0x5122a4,g_nWeaponTdfLoadedCount,int,
0x5122a8,g_nWeaponTdfAllocCount,int,
0x5122c4,g_pTntChecksumCacheBegin,void *,
0x5122c8,g_pTntChecksumCacheEnd,void *,
0x5122d4,g_pOtaEnumFileList,char *,
0x5122d8,g_dwOtaEnumCacheComplete,uint,
0x5122dc,g_nOtaEnumFileListBytes,int,
0x5122e0,g_nOtaEnumFileCount,undefined4,
0x5122e8,g_dwMeteorNextScheduleTick,uint,
0x5122f0,g_szMeteorWeaponName,CHAR[32],
0x512310,g_nMeteorSpawnMagnitude,int,
0x512314,g_nMeteorSpawnInterval,int,
0x512318,g_nMeteorShowerActive,int,
0x51231c,g_dwMeteorShowerEndTick,uint,
0x512320,g_dwMeteorAimTilePacked,uint,
0x512324,g_nMeteorShowerDuration,int,
0x512328,g_pMeteorWeapon,WeaponDef *,
0x51232c,g_nMeteorShowerEnabled,int,
0x512330,g_dwMeteorNextSpawnTick,uint,
0x512334,g_dwMeteorOriginTilePacked,uint,
0x512338,g_nMeteorScheduleGap,int,
0x512340,g_MissionOrderTableVec,undefined,
0x512344,g_MissionOrderTableBegin,MissionOrderTableEntry *,
0x512348,g_MissionOrderTableEnd,MissionOrderTableEntry *,
0x51234c,g_MissionOrderTableCapacityEnd,MissionOrderTableEntry *,
0x512358,g_pMoveInfo,MoveInfo[32],CLASS name from gamedata\moveinfo.TDF
0x512758,g_bMoveInfoDtorGuard,byte,
0x512768,g_nUnitRestrictPicLoadIndex,int,
0x512770,g_nSerialPortNumber,undefined,
0x512774,g_dwSerialBaudRate,undefined,
0x5127c8,g_abOnlLinkInfo,byte[360],
0x512980,g_pModemInfo,void *,
0x512984,g_nModemCount,int,
0x512988,g_pModemAccounts,void *,
0x51298c,g_pModemAccountNames,void *,
0x512990,g_szOldMapName,char *,
0x5129ac,g_pSavelistFileNames,char *,
0x5129b0,g_pSavelistDisplayNames,char *,
0x5129b4,g_pUnitRestrictEntries,void *,
0x5129b8,g_apUnitRestrictPics,void *,
0x5129c4,g_anUnitRestrictOldCounts,int *,
0x5129c8,g_nUnitRestrictNextPicTick,int,
0x5129d0,g_abNetSendCondenser,NetSendCondenser,
0x5129f8,g_abNetRecvCondenser,NetSendCondenser,
0x512a20,g_NetPacketHandlerTable,void *[45],
0x512a28,g_NetPacketHandlers_Type2,,
0x512ad8,g_NetPacketSizeTable,uint[45],
0x512b90,g_abNetBroadcastPeerSeen,undefined4,
0x512bc0,g_NetPacketFlagsTable,uint[45],
0x512c74,g_pLoungeChatterOutputBuf,char *,
0x512c78,g_dwLoungeChatterNextUiTick,undefined4,
0x512c7c,g_dwLobbyTimeoutPauseBaseTick,undefined4,
0x512c80,g_nCmdline_DplayProvider,undefined4,
0x512c84,g_dwCmdline_HostMode,dword,
0x512c94,g_nNetFrameRateConfig,int,
0x512ca8,g_abCmdline_HostGameName,char[64],
0x512d28,g_szOnlineLobbyPassword,char[12],
0x512d48,g_szOnlineLobbyPlayerName,char[17],
0x512d90,g_abCmdline_TcpJoinAddress,char[64],
0x512dd0,g_szOnlineDllPath,CHAR[260],
0x512ee8,g_nOnlLoadConfigResult,int,
0x512eec,g_hOnlineDll,void *,
0x512ef0,g_nHelpDialogBaseGadgetCount,undefined2,
0x512ef8,g_abOptionsFlipNodeLite,byte[16],
0x512f10,g_nOptionsLightbarY,int,
0x512f14,g_nOptionsLightbarMaxX,int,
0x512f18,g_abOptionsPrefsSnapshot,undefined4,
0x512f2c,g_dwOptionsBackupInterfaceType,uint,
0x512f38,g_wOptionsBackupVisualFlags,undefined,
0x512f3a,g_nOptionsBackupGamma,undefined,
0x512f3e,g_nOptionsBackupFxVolume,undefined,
0x512f42,g_dwOptionsBackupMusicVol,uint,
0x512f46,g_bOptionsBackupMusicMode,byte,
0x512f48,g_bOptionsBackupCdMode,byte,
0x512f49,g_bOptionsBackupUnitChat,byte,
0x512f4a,g_bOptionsBackupUnitChatText,byte,
0x512f4b,g_bOptionsBackupSoundFlags,undefined,
0x512f4d,g_nOptionsBackupDisplayWidth,undefined,
0x512f51,g_nOptionsBackupDisplayHeight,undefined,
0x512f55,g_dwOptionsBackupTextScroll,uint,
0x512f59,g_dwOptionsBackupTextLines,uint,
0x512f6b,g_bOptionsBackupMapFlagBits,byte,
0x512f6d,g_dwOptionsBackupGameSpeed,uint,
0x512f71,g_dwOptionsBackupEdgeScroll,uint,
0x512f75,g_abOptionsBackupTrackTypes,byte[100],
0x512fd9,g_nOptionsBackupLockedTrack,int,
0x512fe0,g_nMusicUiSelectedTrack,int,
0x512fe4,g_nOptionsShellActive,int,
0x512fe8,g_pOptionsFlipSurface,GfxSurface *,
0x512fec,g_nOptionsLightbarX,int,
0x512ff0,g_nOptionsLightbarAnim,int,
0x512ff4,g_pOptionsBackupSurface,GfxSurface *,
0x512ff8,g_nBattleQuitIntent,int,
0x513000,g_abNetSendFrameState,NetSendFrameState,
0x51e300,g_abHapinetFrameReceiver,byte,
0x51e304,g_nHapinetFR_Unused04,int,
0x51e308,g_pHapinetFR_SendFrameState,void *,
0x51e30c,g_nHapinetFR_CurDpFromId,int,
0x51e310,g_nHapinetFR_CurDpToId,int,
0x51e314,g_pHapinetFR_OOOSlot,void *,
0x51e318,g_pHapinetFR_RecvBuffer,void *,
0x51e31c,g_pHapinetFR_PendingBuffer,void *,
0x51e528,g_nHapinetFR_RecvBufCap,int,
0x51e52c,g_nHapinetFR_CurPacketSize,int,
0x51e530,g_nHapinetFR_StashPacketSize,int,
0x51e534,g_nHapinetFR_StashDpFromId,int,
0x51e538,g_nHapinetFR_StashDpToId,int,
0x51e53c,g_nMpViewStatePacketTick,int,
0x51e548,g_pRIReportGameChat,void *,
0x51e54c,g_pRIInitializeEx,void *,
0x51e550,g_ppOnlineReportScores,OnlineReportStatEntry * *,
0x51e554,g_pRIGetVersion,void *,
0x51e558,g_pRITerminate,void *,
0x51e560,g_szOnlineReportSessionName,char[32],
0x51e574,g_ppOnlineReportPlayers,,
0x51e578,g_pRISetCallbacks,,
0x51e57c,g_ppOnlineReportScoreBoards,,
0x51e580,g_pRIIntervalTimer,void *,
0x51e584,g_pRIReport,void *,
0x51e588,g_pRIEnable,void *,
0x51e58c,g_pReporterDll,void *,
0x51e590,g_dwHapinetOnlineReport,dword,
0x51e594,g_dwHapinetOnlineFlags,undefined,
0x51e598,g_pSyncMapC_NilNode,void *,
0x51e59c,g_nSyncMapC_NilNodeRefs,int,
0x51e608,g_bFxEventPoolBlocked,undefined1,
0x51e610,g_abFxEventNodePool,ObjPool,
0x51e634,g_dwFxEventPoolOnceFlags,undefined1,
0x51e63c,g_pBriefingWrappedText,char *,
0x51e640,g_BriefingPlanetFrameCursor,GafFrameCursor,
0x51e64c,g_nBriefingPageIndex,undefined4,
0x51e650,g_nBriefingPaginateReset,int,
0x51e654,g_nBriefingDisplayWindSpeed,undefined4,
0x51e65c,g_pCampaignNameList,char *,
0x51e660,g_pMissionNameList,char *,
0x51e668,g_nCampaignAnyMissionMode,int,
0x51e66c,g_nBriefingBaseGadgetCount,undefined2,
0x51e670,g_nBriefingWindTickCountdown,undefined4,
0x51e674,g_nBriefingPanoramaScrollX,undefined2,
0x51e678,g_dwBriefingPanoramaNextTick,undefined4,
0x51e67c,g_dwBriefingPlanetLastScaledTick,undefined4,
0x51e680,g_dwBriefingPlanetNextTick,undefined4,
0x51e684,g_nLastPlaceHeight,int,
0x51e688,g_nLastPlaceMetalSum,int,
0x51e68c,g_pSpeechQueue,SpeechQueue *,
0x51e690,g_nNoDirectSound,int,
0x51e694,g_nUseWindowsSound,int,
0x51e698,g_dwCmdSingEnabled,uint,
0x51e69c,g_nSoundPlayExclusive,int,
0x51e6a0,g_LosSightRingTable,undefined,
0x51e6b0,g_CategoryMaskTable,CategoryMaskTable,
0x51e6b4,g_CategoryMaskTable_Begin,,
0x51e6b8,g_CategoryMaskTable_End,,
0x51e6bc,g_CategoryMaskTable_Capacity,,
0x51e6c0,g_nMapLoadFlag,int,
0x51e6c4,g_dwVictoryCdMismatchForceTick,uint,
0x51e6c8,g_abLoadingBarFlashAlpha,byte[6],
0x51e6d0,g_anShareDialogPlayerNetIds,int[10],
0x51e710,g_anCdActivitySampleRing,int[30],
0x51e788,g_szChatDraftText,char[136],
0x51e810,g_abScorePanelLossFlash,byte[10],
0x51e820,g_abLoadingBarPrevPct,byte[6],
0x51e828,g_abCdListsDiscEntries,CdListsDiscEntry[20],
0x51e84c,g_abCachedCdTrackTypes,,
0x51f2c8,g_abScorePanelKillFlash,byte[10],
0x51f2d8,g_nScorePanelSlidePos,int,
0x51f2dc,g_nCdActivityRingWriteIdx,int,
0x51f2e0,g_pSavegameFileNames,char *,
0x51f2e4,g_pSavegameDescs,char *,
0x51f2e8,g_pSavegameSideList,char *,
0x51f2ec,g_pSavegameRadarPreview,GfxSurface *,
0x51f2f0,g_dwChatDraftInitialized,uint,
0x51f2f4,g_dwScorePanelFlashDecayTick,uint,
0x51f2f8,g_dwCdActivityLastSampleTick,uint,
0x51f2fc,g_nCdActivityStableTicks,int,
0x51f300,g_dwNetProbeNextTick,int,
0x51f308,g_dwLoadingBarFlashDecayTick,int,
0x51f31c,g_dwAppAtexitGuard,undefined,
0x51f320,g_displayContext,DisplayContext,
0x51fb48,g_nCmdline_D_DisplaySeed,int,
0x51fb50,g_szPreferredLanguage,char[64],
0x51fb90,g_nCdCategoryModeOnFocusLoss,int,
0x51fb94,g_dwLastSoundBufferReleaseTick,undefined,
0x51fb9c,g_szWinmmAsyncSound,undefined,
0x51fba0,g_pWinmmLoadedWav,undefined,
0x51fba4,g_pGuiRoot,GuiRoot *,
0x51fbb8,g_nCobScriptCacheMap_RefCount,int,
0x51fbbc,g_pCobScriptCacheMap_NilNode,void *,
0x51fbc0,g_pCobScriptCacheMap,void *,
0x51fbc4,g_pCobScriptCacheMap_Head,void *,
0x51fbc8,g_bCobScriptCacheMap_Multi,byte,
0x51fbcc,g_nCobScriptCacheMap_Size,int,
0x51fbd0,g_pDisplayContext,DisplayContext *,
0x51fbd8,g_abPeriodicTimerSlots,TimerSlot[10],
0x51fc78,g_pfnCloseCallback,undefined,
0x51fc7c,g_pCloseCallbackCtx,undefined,
0x51fc80,g_nPeriodicTimerSlotAllocCount,int,
0x51fc84,g_nPeriodicTimerLastScaledTick,int,
0x51fc88,g_dwBattleRngState,uint,
0x51fc90,g_pfnCmdDefaultHandler,void *,
0x51fc94,g_dwCmdDefaultFlags,uint,
0x51fc99,g_CmdSortedRegistry,CmdSortedRegistry,
0x51fc9d,g_pCmdSortedRegistryBegin,,
0x51fca1,g_pCmdSortedRegistryEnd,,
0x51fcb0,g_abGafEncodeLiteralBuf,byte[256],
0x51fdb0,g_nGafEncodeOutSize,int,
0x51fdb8,g_pTranslateStringTable,TranslateStringTable *,
0x51fdc0,g_szTranslateLanguage,char[64],
0x51fe00,g_nPendingSurfaceUnlockCount,int,
0x51fe08,g_pPendingSurfaceUnlockSlot,void *,
0x51fe0c,g_bPendingSurfaceUnlockFlag,byte,
0x51ff04,g_pHapinetReporterNotify,void *,
0x51ff08,g_pHapinetReporterReport,void *,
0x51ff10,g_nCdFadeVolumeCursor,int,
0x51ff14,g_pCdAudioEngine,void *,
0x51ff18,g_pHwndSjeCdPlayer,void *,
0x51ff20,g_anCdCategorySavedTrack,int[5],
0x51ff48,g_nDSoundExclusiveSlot,undefined,
0x51ffd0,g_abSquashStaticDictWindow,byte[4113],
0x520fe8,g_abSquashStaticDictTree,byte[24582],
0x526ff0,g_pSquashDictTree,void *,
0x526ff4,g_pSquashWindow,void *,
0x526ff8,g_dwSquashDictReady,dword,
0x526ffc,g_dwSquashUseDictFlag,dword,
0x5289a0,g_bGonzoProtectPages,byte,
0x5289a4,g_bMemFussyEnabled,byte,
0x5289bc,g_pfnMemOomHandler,void *,
0x5289c0,g_dwCrash_ErrorLogWritten,dword,
0x5289c8,g_bAppMessagePumpStarted,undefined1,
0x5289cc,g_bCmdlineDebugModeInited,undefined1,
0x5289d0,g_dwFussyBytesPeak,uint,
0x5289d4,g_pFussyScanCursor,void *,
0x5289d8,g_dwMemBytesPeak,dword,
0x5289dc,g_dwMemBytesRequestedLo,dword,
0x5289e0,g_pFussyAllocMapNodeFreelist,void *,
0x5289f0,g_dwFussyBytesTracked,uint,
0x5289f8,g_dwMemBytesCurrent,dword,
0x5289fc,g_dwMemBytesRequestedHi,dword,
0x528a00,g_dwFussyScanPass,dword,
0x528a04,g_dwMemAllocSerial,uint,
0x528a08,g_dwMemLiveAllocCount,dword,
0x528a10,g_pFussyFreeSpanNodeFreelist,void *,
0x528a1c,g_dwMemLiveAllocPeak,dword,
0x528a20,g_bMemBackAlign,bool,
0x528a40,g_pFussyFreeMap,void *,
0x528a44,g_pFussyAllocMap,void *,
0x528a48,g_pFussyFreedTagHistory,void *,
0x528a4c,g_dwFussyAllocMapLiveCount,undefined4,
0x528a50,g_pFussyAllocMapNil,void *,
0x528a54,g_pFussyFreeSpanMapNil,void *,
0x528a58,g_dwFussyFreeSpanMapLiveCount,undefined4,
0x5292c4,g_pPerfDlgStrMap_NilNode,void *,
0x5292c8,g_bPerfDlgOnceInit,byte,
0x5292d0,g_abPerfDlg,byte[600],
0x529508,g_pfnQueryWorkingSet,,
0x529528,g_dwWorkingSetPrivatePages,dword,
0x52952c,g_dwMemStatusOnceInit,dword,
0x529530,g_pMemStatusProcess,void *,
0x529538,g_abMemStatus,byte[124],
0x5295b8,g_dwWorkingSetSharedPages,dword,
0x5295bc,g_pPsapiModule,void *,
0x5295c0,g_dwWorkingSetPageTablePages,dword,
0x5295c8,g_dwWorkingSetPages,dword,
0x5295cc,g_bPsapiInited,undefined1,
0x5295d0,g_dwWorkingSetRefreshCountdown,dword,
0x5295d4,g_dwWorkingSetPagesPeak,dword,
0x5295d8,g_szMemStatusLastText,char[512],
0x529da8,g_abPerfDlgRbMapCritSec,byte[24],
0x529dc0,g_nPerfDlgRbMapCsState,int,
0x529dc8,g_bPerfAutoPairing,undefined1,
0x529dcc,g_dwPmcEventCatalogCount,undefined4,
0x529dd4,g_bPerfRaisePriority,undefined1,
0x529dd8,g_bPerfEnabledInRelease,undefined1,
0x529ddc,g_bPerfDisplayInDebugger,undefined1,
0x529df8,g_pPmcEventCatalog,DWORD *,
0x529e00,g_dwPmcEvent0,undefined4,
0x529e04,g_pPmcEvent0Name,char *,
0x529e08,g_dwPmcEvent0ChannelMask,dword,
0x529e0c,g_dwPmcEvent0Pair,undefined4,
0x529e10,g_dwPmcEvent1,undefined4,
0x529e14,g_pPmcEvent1Name,char *,
0x529e18,g_dwPmcEvent1ChannelMask,dword,
0x529e1c,g_dwPmcEvent1Pair,undefined4,
0x529e58,g_pPerfDlgStrMap_NodeFreelist,void *,
0x529e64,g_bPerfDisplayInWindow,undefined1,
0x529e6c,g_bGdperfInitAttempted,undefined1,
0x529e70,g_bGdperfAvailable,undefined1,
0x529e98,g_hGdperfDevice,HANDLE,
0x529e9c,g_bGdperfDriverReady,undefined1,
0x529ea0,g_nCpuFamily,undefined4,
0x529f48,_tls_index,undefined4,
0x52a4e8,g_dwGfxBlitLockOwner,undefined,
0x52a4ec,g_dwGfxBlitLockHeld,undefined4,
0x52a4f0,g_hGfxBlitLockEvent,HANDLE,
0x52a4f4,g_dwSquashThreadLockOwnerTid,dword,
0x52a4f8,g_hSquashThreadLockEvent,HANDLE,
0x52a4fc,g_dwSquashThreadLockTicket,dword,
0x52d1b0,Rsrc_Icon_1_409,IconResource,
0x52d498,Rsrc_Icon_2_409,IconResource,
0x52d5c0,Rsrc_GroupIcon_7f00_409,GroupIconResource,
0x52d5e8,Rsrc_Cursor_3_409,byte[308],
0x52d720,Rsrc_GroupCursor_67_409,byte[20],
0x52d738,Rsrc_Version_1_409,VS_VERSION_INFO,
0xffdff000,ExceptionList,void *,
0xffdff004,StackBase,void *,
0xffdff008,StackLimit,void *,
0xffdff00c,SubSystemTib,void *,
0xffdff010,FiberData,void *,
0xffdff014,ArbitraryUserPointer,void *,
0xffdff018,Self,void *,
0xffdff01c,EnvironmentPointer,void *,
0xffdff020,ClientId,CLIENT_ID,
0xffdff028,ActiveRpcHandle,void *,
0xffdff02c,ThreadLocalStoragePointer,void *,
0xffdff030,ProcessEnvironmentBlock,void *,
0xffdff034,LastErrorValue,dword,
0xffdff038,CountOfOwnedCriticalSections,dword,
0xffdff03c,CsrClientThread,void *,
0xffdff040,Win32ThreadInfo,void *,
0xffdff044,User32Reserved,dword[26],
0xffdff0ac,UserReserved,dword[5],
0xffdff0c0,WOW32Reserved,void *,
0xffdff0c4,CurrentLocale,dword,
0xffdff0c8,FpSoftwareStatusRegister,dword,
0xffdff0cc,SystemReserved1,void *[54],
0xffdff1a4,ExceptionCode,dword,
0xffdff1a8,ActivationContextStackPointer,void *,
0xffdff1ac,SpareBytes,uchar[36],
0xffdff1d0,TxFsContext,dword,
0xffdff1d4,GdiTebBatch,dword,
0xffdff6b4,RealClientId,CLIENT_ID,
0xffdff6bc,GdiCachedProcessHandle,void *,
0xffdff6c0,GdiClientPID,dword,
0xffdff6c4,GdiCLientTID,dword,
0xffdff6c8,GdiThreadLocalInfo,void *,
0xffdff6cc,Win32ClientInfo,void *[62],
0xffdff7c4,glDispatchTable,void *[233],
0xffdffb68,glReserved1,void *[29],
0xffdffbdc,glReserved2,void *,
0xffdffbe0,glSectionInfo,void *,
0xffdffbe4,glSection,void *,
0xffdffbe8,glTable,void *,
0xffdffbec,glCurrentRC,void *,
0xffdffbf0,glContext,void *,
0xffdffbf4,LastStatusValue,dword,
0xffdffc00,StaticUnicodeBuffer,wchar16[261],
0xffdffe0c,DeallocationStack,void *,
0xffdffe10,TlsSlots,void *[64],
0xffdfff10,TlsLinks.Flink,void *,
0xffdfff14,TlsLinks.Blink,void *,
0xffdfff18,Vdm,void *,
0xffdfff1c,ReservedForNtRpc,void *,
0xffdfff20,DbgSsReserved,void *[2],
0xffdfff28,HardErrorMode,dword,
0xffdfff2c,Instrumentation,void *[9],
0xffdfff50,ActivityId,GUID,
0xffdfff60,SubProcessTag,void *,
0xffdfff64,EtwLocalData,void *,
0xffdfff68,EtwTraceData,void *,
0xffdfff6c,WinSockData,void *,
0xffdfff70,GdiBatchCount,dword,
0xffdfff74,IdealProcessorValue,dword,
0xffdfff78,GuaranteedStackBytes,dword,
0xffdfff7c,ReservedForPerf,void *,
0xffdfff80,ReservedForOle,void *,
0xffdfff84,WaitingOnLoaderLock,dword,
0xffdfff88,SavedPriorityState,void *,
0xffdfff8c,SoftPatchPtr1,void *,
0xffdfff90,ThreadPoolData,void *,
0xffdfff94,TlsExpansionSlots,void *,
0xffdfff98,MuiGeneration,dword,
0xffdfff9c,IsImpersonating,dword,
0xffdfffa0,NlsCache,void *,
0xffdfffa4,pShimData,void *,
0xffdfffa8,HeapVirtualAffinity,dword,
0xffdfffac,CurrentTransactionHandle,void *,
0xffdfffb0,ActiveFrame,void *,
0xffdfffb4,FlsData,void *,
0xffdfffb8,PreferredLanguages,void *,
0xffdfffbc,UserPrefLanguages,void *,
0xffdfffc0,MergedPrefLanguages,void *,
0xffdfffc4,MuiImpersonation,dword,
0xffdfffc8,CrossTebFlags,ushort,
0xffdfffca,SameTebFlags,ushort,
0xffdfffcc,TxnScopeEnterCallback,void *,
0xffdfffd0,TxnScopeExitCallback,void *,
0xffdfffd4,TxnScopeContext,void *,
0xffdfffd8,LockCount,dword,
0xffdfffe0,ResourceRetValue,void *,
