name,start,end
r1,0x4a81e0,0x4a84f2
r2,0x4a84f2,0x4a8663
r3,0x4a8663,0x4a899f
r4,0x4a899f,0x4a8a16
r5,0x4a8a16,0x4a8aca
r6,0x4a8aca,0x4a8b4b
r7,0x4a8b4b,0x4a8ef3
r8,0x4a8ef3,0x4a8fa0
r9,0x4a8fa0,0x4a8fea
r10,0x4a8fea,0x4a900c
r11,0x4a900c,0x4a9045
r12,0x4a9045,0x4a90d1
r13,0x4a90d1,0x4a9135
r14,0x4a9135,0x4a9186
r15,0x4a9186,0x4a9199
r16,0x4a9199,0x4a91a5
r17,0x4a91a5,0x4a91c7
r18,0x4a91c7,0x4a92df
r19,0x4a92df,0x4a9301
r20,0x4a9301,0x4a9345
r21,0x4a9345,0x4a9367
r22,0x4a9367,0x4a93ab
r23,0x4a93ab,0x4a93eb
r24,0x4a93eb,0x4a940c
r25,0x4a940c,0x4a9434
r26,0x4a9434,0x4a950a
r27,0x4a950a,0x4a95c2
r28,0x4a95c2,0x4a95f4
