name,address,note
std::_Lockit::_Lockit,0x4e1480,second identical copy linked with the library code at 0x4d8000-0x4e3000
std::_Lockit::~_Lockit,0x4e1540,second identical copy linked with the library code at 0x4d8000-0x4e3000
IUUnitSyncEntry::IU?$pair::?$_Tree::erase,0x46f1e0,"overload: erase(iterator), called by erase(iterator, iterator) at 0x46e890; the checker gives both overloads one name"
_chkstk,0x4e4b20,"CHKSTK.OBJ defines _chkstk and _alloca_probe at the same offset; large frames call __chkstk"
std::copy,0x470a40,"second instantiation (14-byte Elem_0046faf0, /Gz); the checker gives every std::copy one name, and 0x4256a0 is the first"
exception::exception,0x4e8230,"overload: the copy constructor exception(const exception&); the default constructor is 0x4e8190, and the checker gives both one name"
exception::exception,0x4e81d0,"overload: exception(const char* const&); the default constructor is 0x4e8190 and the copy constructor 0x4e8230"
TdfRecord::FUN_004c3e40,0x4c3e40,"the constructor ??0TdfRecord, which callers 0x4c2f60 and 0x4c3120 call as a method returning this under an older view name (#5007)"
Vec_0046d6c0::insert,0x46e640,"std::vector<int>::insert, matched with /Gi under its real name (#5040); caller 0x46d6c0 uses this view name"
List_004737c0::FUN_004758c0,0x4758c0,"std::vector<T>::insert, matched with /Gi under its real name (#5040); caller 0x4737c0 uses this view name"
Class_00475bd0::FUN_00475bd0,0x475bd0,"std::vector<T>::insert, matched with /Gi under its real name (#5040); caller 0x4743a0 uses this view name"
List_00474880::FUN_00475ef0,0x475ef0,"std::vector<T>::insert, matched with /Gi under its real name (#5040); caller 0x474880 uses this view name"
Class_00476210::FUN_00476210,0x476210,"std::vector<T>::insert, matched with /Gi under its real name (#5040); caller 0x474df0 uses this view name"
Vec_00476490::FUN_00476490,0x476490,"std::vector<T>::insert, matched with /Gi under its real name (#5040); caller 0x4751c0 uses this view name"
Class_0046eba0::InsertPacket,0x46eba0,"std::vector<Packet>::insert, matched with /Gi under its real name (#5041); caller 0x46cef0 uses this view name"
PAUUnit::?$vector::insert,0x48ddc0,"overload: insert(iterator, const T&); 0x408f30 (insert(iterator, size_type, const T&)) now matches with /Gi under the same checker name and takes it in data/symbols.csv; caller 0x48d220 uses it for this one"
MapCache::InsertMapCacheEntry,0x437580,"std::vector<MapCacheEntry>::insert, matched with /Gi under its real name (#5056); caller 0x4373a0 uses this view name"
Vec_0046d860::InsertPlayerRecord,0x46f7a0,"std::vector<UnitSyncPlayer>::insert, matched with /Gi under its real name (#5042); caller 0x46dad0 uses this view name"
UElem_0043c390::?$vector::size,0x43c360,"std::vector<Elem_0043c390>::size, matched as Class_0043c360::GetCount; reserve in 0x43bc90 and 0x43c050 calls it under its real name"
std::_Construct,0x432cf0,"std::_Construct<Entry_00432cf0>, the placement copy the vector insert inlined into 0x42e440 calls without setting ecx; matched as allocator<Entry_00432cf0>::construct, same code"
??_GEntry_00432cf0@@QAEPAXI@Z,0x432c20,"Entry_00432cf0's scalar deleting destructor, called with 0 by the vector _Destroy inlined into 0x42e440; matched as Class_00432c20::FUN_00432c20"
??4Entry_00432cf0@@QAEAAU0@ABU0@@Z,0x432d20,"Entry_00432cf0::operator=, called by the std::fill inlined into 0x42e440; matched as Class_004c93b0::AssignPair"
std::copy_backward,0x432cb0,"std::copy_backward<Entry_00432cf0*> from the vector insert in 0x42e440; matched as AssignRangeBack"
std::fill,0x432c80,"std::fill<Entry_00432cf0*, Entry_00432cf0> from the vector insert in 0x42e440; matched as AssignRange"
Class_004e2a10::Class_004e2a10,0x4e2a10,"std::pair<iterator, bool>'s constructor, which the tree insert 0x4e2250 calls out of line; matched as Class_004e2a10::Assign, same code"
AirManeuverOrder::AirManeuverOrder,0x44e7d0,"overload: the file-loading constructor (owner, file, name); the other constructors are 0x44e740 and 0x44e9c0, and the checker gives all three one name"
AirManeuverOrder::AirManeuverOrder,0x44e9c0,"overload: the bit-stream constructor (owner, reader); the other constructors are 0x44e740 and 0x44e7d0, and the checker gives all three one name"
ApproachRadius::ApproachRadius,0x44d010,"overload: the file-loading constructor (owner, file, name); the other constructor is 0x44cf60, and the checker gives both one name"
RingApproach::RingApproach,0x44d470,"overload: the file-loading constructor (owner, file, name); the other constructor is 0x44d3b0, and the checker gives both one name"
PointMarker::PointMarker,0x44d930,"overload: the file-loading constructor (owner, file, name); the other constructor is 0x44d8a0, and the checker gives both one name"
s_featureTdfParsers$S64984,0x511fb4,"s_featureTdfParsers$S4411 in 0x424c00, where the static's symbol id (its $S suffix) is 64984 with include/ta_types.h <shlobj.h> <imagehlp.h>"
s_featureTdfParsers,0x511fb4,"the features file static under the extern views of 0x4224b0 and 0x422ea0, which reference it by the undecorated name; the files that define it give it a $S suffix"
??_GElem_00432be0@@QAEPAXI@Z,0x432c00,"Elem_00432be0's scalar deleting destructor, called with 0 by the vector _Destroy inlined into the gap region 0x42a8d0's return-0 path; matched as Class_00432c00::FUN_00432c00"
std::D::DU?$char_traits::?$basic_string::max_size,0x4e3e10,"basic_string<char>::max_size, matched as StringMaxSize in 0x4e3e10.cpp; basic_string::assign at 0x4e3c00 (src/lib/basic_string.cpp) calls it"
Class_00435920::GetTerrainSizeTier,0x435920,"Mission::GetTerrainSizeTier under its view class in include/ta_protos.h, which 0x449bb0 includes"
Class_00435d30::RefreshMapList,0x435d30,"Mission::RefreshMapList under its view class in include/ta_protos.h, which 0x449bb0 includes"
Class_00435a20::LoadMissionByName,0x435a20,"Mission::LoadMissionByName under its view class in include/ta_protos.h, which 0x449bb0 includes"
Class_00435c40::HasMissionName,0x435c40,"Mission::HasMissionName under its view class in include/ta_protos.h, which 0x449bb0 includes"
Class_00435c30::GetMissionName,0x435c30,"Mission::GetMissionName under its view class in include/ta_protos.h, which 0x449bb0 includes"
Class_004373a0::ComputeMapChecksum,0x4373a0,"Mission::ComputeMapChecksum under its view class in include/ta_protos.h, which 0x449bb0 includes"
Class_004b3620::InitBank,0x4b3620,"HapiBank::InitBank under the view class 0x42a8d0 declares, which matches only at its own symbol count"
Class_004b3630::CloseBank,0x4b3630,"HapiBank::CloseBank under the view class 0x42a8d0 declares, which matches only at its own symbol count"
Class_004b3770::OpenBank,0x4b3770,"HapiBank::OpenBank under the view class 0x42a8d0 declares, which matches only at its own symbol count"
Class_004b4800::GetIntegerItem,0x4b4800,"HapiBank::GetIntegerItem under the view classes of 0x42a8d0 (its own symbol count) and include/ta_types.h (which 0x424c00 includes)"
Class_004c4630::FindFieldValue,0x4c4630,"TdfRecord::FindFieldValue under the view class 0x42a8d0 declares, which matches only at its own symbol count"
Class_004c46c0::GetFieldInt,0x4c46c0,"TdfRecord::GetFieldInt under the view class 0x42a8d0 declares, which matches only at its own symbol count"
Class_004c4760::GetFieldDouble,0x4c4760,"TdfRecord::GetFieldDouble under the view class 0x42a8d0 declares, which matches only at its own symbol count"
Class_004b4bf0::GetBoxSize,0x4b4bf0,"HapiBank::GetBoxSize under its view class in include/ta_types.h, which 0x424c00 includes"
Class_004b4c10::SeekBox,0x4b4c10,"HapiBank::SeekBox under its view class in include/ta_types.h, which 0x424c00 includes"
Class_004c91a0::~Class_004c91a0,0x4c9390,"the string handle's destructor, Class_004c9390::ReleaseRef; TdfRecord's scalar deleting destructor (0x4c32f0) calls it out of line, its inline budget spent"
g_missionOrderTableVec$S35323,0x512340,"the order_list.cpp static view of the mission order table vector; its $S suffix is that file's symbol id, while the meteors.cpp definition the initialiser 0x438450 references carries the undecorated name"
